ID_Uzorka,GPS_LAT,GPS_LONG,Dubina_Busenja_cm,Temp_Tla_C,pH_Vrijednost,H2O_Postotak,Metan_Senzor,Organske_Molekule
227,18.490977,77.369413,9.5,150.0,-2.0,1.44,Pozitivno,Ne
267,18.476299,77.415765,5.3,150.0,-2.0,5.64,Pozitivno,Ne
471,18.47795,77.388669,1.7,150.0,-2.0,3.61,Pozitivno,Ne
629,18.483155,77.387066,3.1,150.0,-2.0,2.2,Pozitivno,Da
753,18.489054,77.392183,9.1,150.0,-2.0,4.25,Pozitivno,Ne
1369,18.464115,77.392617,6.7,150.0,-2.0,5.25,Pozitivno,Ne
1574,18.499975,77.373221,5.2,150.0,-2.0,3.11,Pozitivno,Ne
1705,18.473682,77.400914,1.3,150.0,-2.0,4.11,Pozitivno,Ne
